index,headSize,headWidth,foreheadPosition,foreheadSize,jawsPosition,jawsSize,chinPosition,chinSize,chinPronounced,lowCheek,cheekPosition,cheekSize,earsPosition,earsRotation,earsSize,eyeSize,eyePosition,eyeDepth,eyeRotation,eyeDistance,eyeSquint,noseSize,nosePosition,noseFlatten,nosePronounced,noseWidth,noseBridge,noseCurve,noseInclination,mouthSize,mouthPosition,mouthPronounced,lipsSize
2023-07-21 15:25:13:8950,0.03011703,0.1205909,0.4169163,0.8058711,0.8100579,0.7777915,0.3677071,0.4933923,0.4238592,0.8089191,0.926747,0.03447914,0.1771719,0.5101096,0.1400529,0.7604692,0.2152892,0.7068038,0.2920918,0.5551932,0.5443042,0.773753,0.1901327,0.4298691,0.4392313,0.1302785,0.479623,0.4095849,0.4174306,0.773819,0.4075586,0.9627994,0.7026999
2023-07-21 15:25:14:4480,0.5881853,0.4368847,0.7678562,0.4679839,0.5398259,0.7357371,0.4313479,0.7921528,0.4527468,0.9408244,0.1055079,0.9939854,0.6421645,0.4040125,0.1633537,0.4081641,0.2287753,0.00805831,0.6528845,0.2206225,0.8139309,0.9687613,0.7805988,0.3106807,0.06221735,0.39395,0.8905458,0.1503592,0.9496382,0.1523588,0.7484391,0.2333702,0.2669626
2023-07-21 15:25:14:9320,0.2251655,0.891703,0.8464062,0.8364516,0.8834441,0.8427422,0.5867335,0.2829098,0.417463,0.5657963,0.5063508,0.496049,0.6732525,0.6323081,0.8180122,0.6119942,0.8856987,0.5215927,0.349886,0.4094864,0.3842852,0.8421783,0.7026573,0.6725453,0.2815154,0.4856847,0.4373329,0.1186566,0.9865657,0.5378571,0.8703446,0.3669106,0.4543267
2023-07-21 15:25:15:4340,0.9638327,0.8073661,0.1406051,0.7322435,0.4496531,0.8492072,0.577315,0.6560611,0.5422209,0.5370038,0.4460389,0.9805921,0.3818755,0.6730953,0.7953267,0.8852547,0.7055147,0.6484369,0.1847783,0.5135902,0.05997157,0.7552553,0.8411027,0.9814746,0.8777817,0.7520151,0.2718741,0.4268927,0.9839392,0.9916996,0.4904055,0.7712761,0.7738297
2023-07-21 15:25:15:9400,0.08248532,0.164017,0.6927389,0.3179062,0.6702161,0.9010051,0.2119534,0.2502262,0.5770217,0.1935501,0.2865581,0.6403803,0.1872792,0.8090067,0.4414414,0.05300653,0.8030969,0.04620087,0.382579,0.6853204,0.9516532,0.6651313,0.8548014,0.3148051,0.2320395,0.7806362,0.7826341,0.662516,0.09128618,0.3741602,0.4695109,0.7263014,0.6337556
2023-07-21 15:25:16:4380,0.2863138,0.7394223,0.9230528,0.5293832,0.8204862,0.8774439,0.1610398,0.6659975,0.8938274,0.5581897,0.8886535,0.02773428,0.4035764,0.07843459,0.2117673,0.3129146,0.08545625,0.3014577,0.006055236,0.8611523,0.0786463,0.7989864,0.9448969,0.4299507,0.09137559,0.7760915,0.9361962,0.9090558,0.541999,0.7057065,0.1866447,0.5009183,0.706567
2023-07-21 15:25:16:9420,0.6349177,0.4005269,0.3802785,0.5166505,0.6198733,0.7985868,0.5698356,0.5692056,0.19927,0.1533734,0.9565716,0.02713466,0.3712938,0.9124919,0.2635544,0.8100313,0.3736488,0.9010048,0.9729801,0.1284543,0.5140732,0.7005419,0.0930481,0.9694289,0.6621644,0.7479174,0.9732062,0.005581379,0.353898,0.06619537,0.4503431,0.02775443,0.7473738
2023-07-21 15:25:17:4390,0.260883,0.5882168,0.8763957,0.4796433,0.2459261,0.4081245,0.88135,0.9548347,0.1720549,0.008274198,0.5563523,0.09850013,0.01631081,0.4840918,0.1161016,0.3999473,0.3538913,0.397633,0.1336018,0.7872325,0.4588194,0.7411813,0.3391579,0.3019095,0.7745621,0.4256758,0.2953345,0.9353422,0.8011254,0.4525226,0.1626017,0.1022973,0.5671367
2023-07-21 15:25:17:9420,0.09339249,0.3635067,0.7853053,0.6591944,0.6751503,0.3430809,0.8526551,0.3696914,0.1025704,0.7239095,0.4261975,0.1725936,0.3871889,0.2588786,0.4251989,0.5871773,0.5646418,0.4267852,0.6981891,0.6639546,0.970448,0.2739304,0.3082897,0.6370832,0.5501558,0.2968054,0.9948918,0.5842552,0.01672208,0.5414698,0.8263143,0.7960167,0.858339
2023-07-21 15:25:18:4426,0.6417133,0.8591118,0.5427948,0.8555902,0.2316831,0.6753101,0.7842184,0.9831799,0.08989644,0.6158709,0.01876068,0.4779121,0.690493,0.8594811,0.5263564,0.9446459,0.2402781,0.3196918,0.3021976,0.04149234,0.0422399,0.1809047,0.8091271,0.3661779,0.6217306,0.4223686,0.3377721,0.9525256,0.417226,0.4541631,0.6340387,0.9298916,0.02854538
2023-07-21 15:25:18:9436,0.2445699,0.6384003,0.5506856,0.9003353,0.6098005,0.4578812,0.9701043,0.9372294,0.7840992,0.08943331,0.5964651,0.1048287,0.2801266,0.8660113,0.6777337,0.4229222,0.3441899,0.6504867,0.6257237,0.8676159,0.2037057,0.7083509,0.1091614,0.5873768,0.1406969,0.5419007,0.6593102,0.731879,0.910062,0.23492,0.89619,0.3831387,0.3339316
2023-07-21 15:25:19:4436,0.04281104,0.8789436,0.8498539,0.7450609,0.5768943,0.5932612,0.4537486,0.8347415,0.1372355,0.5042103,0.8631166,0.1093261,0.008576274,0.9464722,0.9111643,0.8638791,0.491855,0.5577288,0.6176254,0.9753746,0.3902881,0.6526146,0.7647092,0.04394495,0.8851342,0.3573195,0.1745418,0.5843654,0.450072,0.4788137,0.6737205,0.9625976,0.7650275
2023-07-21 15:25:19:9446,0.8750225,0.6225792,0.9605169,0.81875,0.2952817,0.5294482,0.07340324,0.1505071,0.3488128,0.1299932,0.2443982,0.9652748,0.3285274,0.5997887,0.3267555,0.6573187,0.4928879,0.3180683,0.9742566,0.6015624,0.5777145,0.1788714,0.5628724,0.03694975,0.02661848,0.69651,0.7544241,0.4436297,0.1609896,0.3610937,0.6130424,0.9929707,0.8916852
2023-07-21 15:25:20:4436,0.2889625,0.877912,0.2878398,0.3238718,0.07488418,0.1523881,0.5366136,0.7840695,0.0749706,0.2045383,0.7357773,0.1010696,0.3884388,0.4881329,0.4291416,0.4894318,0.344716,0.3986441,0.8812531,0.7378218,0.550882,0.07924378,0.6194617,0.1012251,0.5341609,0.6528941,0.07379937,0.7826008,0.5997682,0.24119,0.02148104,0.3680703,0.3867415
2023-07-21 15:25:20:9456,0.5959045,0.7257689,0.4977375,0.08576059,0.3718764,0.7256314,0.001338124,0.7557737,0.6210594,0.6109005,0.8564254,0.302473,0.8602378,0.0202086,0.6934131,0.1485975,0.9775957,0.7891911,0.05537772,0.01057076,0.7289122,0.7206155,0.1162629,0.4056485,0.3277046,0.8937386,0.818025,0.3108585,0.8850468,0.8735886,0.4756787,0.4763916,0.3178818
2023-07-21 15:25:21:4456,0.7845758,0.9049814,0.3678119,0.09682357,0.1664132,0.08320439,0.5710734,0.9099784,0.6125298,0.1327497,0.3362525,0.5320675,0.8439333,0.7312622,0.007523894,0.03314865,0.6559715,0.067348,0.4577121,0.9523791,0.2463673,0.8797762,0.9955094,0.1301527,0.6431669,0.4205096,0.312023,0.361387,0.4071739,0.05018306,0.287239,0.131381,0.5246035
2023-07-21 15:25:21:9466,0.3642618,0.9385502,0.0444119,0.02224743,0.3420238,0.6200979,0.02951491,0.6309303,0.1870154,0.7421126,0.6186749,0.3104596,0.9075594,0.4271718,0.3218294,0.7255498,0.2225562,0.5079632,0.5878537,0.7133974,0.9887729,0.3199586,0.7087328,0.9057989,0.07276499,0.03907204,0.4632713,0.3081998,0.2133847,0.6113841,0.843789,0.3625069,0.2478269
2023-07-21 15:25:22:4504,0.6390575,0.2321025,0.4219559,0.6742216,0.09133995,0.8116996,0.4289353,0.6965203,0.02086079,0.3447912,0.477297,0.7954385,0.02124453,0.1588343,0.6850047,0.8785596,0.9074544,0.243484,0.5191008,0.1859308,0.4770758,0.1723164,0.3519953,0.03967059,0.6773057,0.7851105,0.514483,0.4502751,0.9323587,0.4282636,0.2632838,0.3738151,0.3082302
2023-07-21 15:25:22:9494,0.1977479,0.9778686,0.8558216,0.6786999,0.1179998,0.799597,0.59842,0.9998863,0.5966522,0.02535522,0.3286247,0.1977324,0.9252785,0.5240763,0.6192749,0.4696249,0.03808045,0.4516506,0.5843636,0.04912519,0.2301853,0.07040715,0.930249,0.2062446,0.3479859,0.6311425,0.9852263,0.6448913,0.04708016,0.4796602,0.01159453,0.9000227,0.412302
2023-07-21 15:25:23:4504,0.05415595,0.9189502,0.3086796,0.6128575,0.03719711,0.6041602,0.03473699,0.5643715,0.2848415,0.6189936,0.798856,0.09249926,0.6311742,0.5006285,0.6557034,0.3845168,0.8156991,0.6817901,0.5209542,0.4714127,0.891314,0.500792,0.3479999,0.9358702,0.988585,0.844394,0.4451268,0.4857616,0.3714711,0.5195403,0.2021168,0.9012349,0.3510754
2023-07-21 15:25:23:9504,0.9099858,0.1589901,0.1980798,0.1097462,0.4533643,0.471459,0.7903138,0.617664,0.4778361,0.7478209,0.4119914,0.6669934,0.1280324,0.3939357,0.5041012,0.8626783,0.01898122,0.2203614,0.1270776,0.8505088,0.9067848,0.05435526,0.7713293,0.3017889,0.3625903,0.3739521,0.5273642,0.6813357,0.4955319,0.6495775,0.005403996,0.858421,0.96018
2023-07-21 15:25:24:4514,0.02305901,0.08677125,0.6663712,0.1695455,0.7468964,0.9088833,0.8260515,0.8653688,0.8215652,0.01156116,0.7205001,0.8836689,0.04164648,0.8421583,0.9580456,0.7949829,0.4712253,0.4769564,0.9234416,0.6404508,0.230365,0.0114243,0.5826783,0.2284104,0.3467845,0.8859026,0.03190494,0.01722622,0.06723726,0.8176749,0.5092993,0.3195223,0.6986792
2023-07-21 15:25:24:9524,0.9051818,0.4799102,0.8456333,0.386095,0.5064445,0.6787945,0.7652133,0.5317028,0.4838741,0.3213492,0.04039395,0.07207656,0.2006456,0.2454276,0.734567,0.739136,0.2800687,0.8248024,0.15405,0.9419339,0.4723819,0.4296349,0.2983724,0.7812885,0.7070309,0.0898428,0.08155704,0.8326097,0.06801152,0.3040518,0.6424941,0.7176145,0.6683551
2023-07-21 15:25:25:4539,0.2527749,0.5798203,0.3569779,0.3110949,0.6142437,0.2870547,0.5638004,0.5305708,0.05109203,0.8266959,0.7585478,0.04743516,0.7868445,0.8894206,0.9360951,0.1641653,0.2300059,0.2526228,0.5568015,0.4351549,0.5499606,0.517068,0.02461231,0.9501749,0.31088,0.04778457,0.09278202,0.4123732,0.4546457,0.4665727,0.07082164,0.05100775,0.5408781
2023-07-21 15:25:25:9549,0.6263177,0.5935236,0.6430477,0.340808,0.2059007,0.6759392,0.874128,0.7224677,0.5293011,0.5927226,0.1539273,0.6664736,0.8457251,0.1954877,0.422651,0.7140173,0.5154564,0.7513006,0.6539778,0.5817749,0.2095237,0.9309645,0.02510655,0.6717492,0.2953358,0.6052634,0.01489115,0.8095409,0.2817305,0.4789001,0.0245316,0.5265477,0.6508394
2023-07-21 15:25:26:4559,0.7885181,0.4628196,0.8040093,0.07343078,0.3229521,0.05667078,0.5171973,0.3716548,0.6580745,0.4807969,0.5999525,0.807747,0.5470744,0.272516,0.2287649,0.444694,0.08452857,0.6123704,0.3566192,0.4609194,0.230494,0.3477742,0.7748405,0.2954527,0.2609925,0.8296155,0.35839,0.9421138,0.6996925,0.6832161,0.138433,0.1840858,0.469367
2023-07-21 15:25:26:9569,0.06151545,0.7210382,0.7373426,0.3652832,0.4181482,0.6138096,0.8111643,0.4720346,0.78491,0.5791578,0.6478834,0.5774832,0.8331496,0.6165867,0.08241034,0.6151744,0.4524162,0.8687147,0.3062192,0.5264689,0.7841345,0.1192063,0.6002793,0.1902641,0.7863843,0.7054973,0.8781369,0.7257216,0.1411724,0.2011198,0.9676734,0.283241,0.04564846
2023-07-21 15:25:27:4585,0.7673295,0.8192782,0.1213039,0.06918764,0.581574,0.862483,0.5693036,0.6873362,0.6288674,0.5736197,0.03543639,0.5303929,0.7105364,0.724631,0.2647838,0.4032332,0.5428482,0.4554853,0.5571275,0.4976744,0.4149546,0.1658506,0.5854958,0.8255397,0.606998,0.04317474,0.6532918,0.8152846,0.7918066,0.6131334,0.7332677,0.01766193,0.9921603
2023-07-21 15:25:27:9580,0.4426029,0.05975056,0.252842,0.8422425,0.3542941,0.9066579,0.26217,0.3204085,0.3451381,0.858302,0.6707826,0.6980935,0.8699358,0.5441911,0.9983509,0.3247936,0.01237428,0.7917712,0.8246173,0.1138668,0.3431645,0.5045895,0.6521816,0.4256861,0.3540493,0.2166256,0.6650575,0.1763384,0.3520692,0.08535492,0.06465971,0.6313844,0.7827994
2023-07-21 15:25:28:4590,0.5386508,0.8843564,0.4664046,0.7519612,0.6480933,0.8796828,0.6421803,0.5511094,0.3815197,0.7413028,0.7158827,0.6891533,0.7923068,0.3068758,0.02267063,0.08047318,0.17556,0.3914059,0.9660805,0.6176072,0.09943271,0.9716854,0.9832699,0.2420707,0.118422,0.428456,0.7726325,0.3870456,0.1506128,0.9782667,0.006962299,0.755757,0.4183484
2023-07-21 15:25:28:9600,0.09710491,0.7021878,0.6559936,0.7866867,0.2875505,0.4426965,0.1012526,0.5744058,0.1110064,0.6896352,0.4989576,0.1966562,0.6213461,0.5315124,0.1265092,0.04034102,0.2664927,0.3152185,0.232653,0.481379,0.04041111,0.5329012,0.5492907,0.7386,0.6035166,0.8110013,0.4292316,0.6952055,0.2441131,0.1246977,0.678672,0.1983047,0.4916885
2023-07-21 15:25:29:4616,0.09631169,0.7839501,0.4597391,0.9120256,0.5153965,0.7604454,0.8803775,0.7853949,0.8122551,0.3774216,0.2828204,0.3783904,0.4612026,0.2172662,0.06630838,0.000783205,0.4266875,0.8923881,0.07337606,0.6476277,0.7784716,0.4068407,0.4590556,0.3554047,0.8101584,0.1355399,0.4033172,0.3165759,0.6632589,0.7617657,0.749323,0.3173197,0.5059456
2023-07-21 15:25:29:9616,0.4771935,0.8066272,0.9937016,0.8586674,0.6571566,0.2684603,0.3942421,0.467578,0.6117422,0.1923212,0.8693485,0.05217218,0.7098646,0.9289463,0.4615151,0.1637368,0.8800491,0.7002585,0.8470243,0.8836882,0.905592,0.5750424,0.4617408,0.2782964,0.509555,0.4792816,0.7981589,0.5488752,0.7666223,0.4670504,0.5646073,0.4848567,0.8376157
2023-07-21 15:25:30:4636,0.3130898,0.4585698,0.6093981,0.1024441,0.2674195,0.8045987,0.188849,0.2911977,0.7690024,0.1618131,0.6667279,0.716429,0.5161534,0.2840303,0.4709864,0.9702915,0.9018493,0.4532532,0.6123546,0.2788578,0.176308,0.5906937,0.8690478,0.6004395,0.6041993,0.8362985,0.1407129,0.7912585,0.8147229,0.3710895,0.7612045,0.3189809,0.1095716
2023-07-21 15:25:30:9636,0.540581,0.6891899,0.7633663,0.4971438,0.9945903,0.3936886,0.9134955,0.6616317,0.7362777,0.0723089,0.8467183,0.6158087,0.5198757,0.2270207,0.9185995,0.5201235,0.9360464,0.2346038,0.06297362,0.5044394,0.2757095,0.6412451,0.03399253,0.4441395,0.4328509,0.7968756,0.2303534,0.5881507,0.7609907,0.1027578,0.1401302,0.8560898,0.6247024
2023-07-21 15:25:31:4706,0.1477163,0.2607992,0.3912635,0.8690023,0.4723276,0.881745,0.8766658,0.601863,0.5676518,0.5529374,0.04754484,0.7604434,0.4254616,0.9484462,0.865575,0.742059,0.5363205,0.5971262,0.4748741,0.2102535,0.2157195,0.6629469,0.1961889,0.8482404,0.6129655,0.1378855,0.8052953,0.1873084,0.4590767,0.9536366,0.7283596,0.7054147,0.02036083
2023-07-21 15:25:31:9676,0.1473579,0.0949564,0.9345249,0.2938177,0.1729143,0.07372332,0.6947364,0.7036229,0.9716398,0.9914727,0.795581,0.9382367,0.2993934,0.3364055,0.3071931,0.8823942,0.07611227,0.6114855,0.5698164,0.5641623,0.6446768,0.9995104,0.03726351,0.6699549,0.4813759,0.00284791,0.04944098,0.6520319,0.6673745,0.455977,0.0234791,0.5055199,0.3265311
2023-07-21 15:25:32:4656,0.726034,0.28526,0.1348687,0.310984,0.5232012,0.03113306,0.08771968,0.3214813,0.4677486,0.4805337,0.5417266,0.199504,0.2028548,0.2605652,0.3443446,0.348572,0.2374564,0.3579498,0.5132692,0.1400173,0.2616127,0.6400939,0.8278077,0.9520009,0.6278453,0.5802251,0.2434628,0.6220041,0.2981191,0.9146543,0.2514526,0.8801179,0.9708737
2023-07-21 15:25:32:9676,0.9167291,0.7907668,0.7416103,0.6385347,0.8140463,0.398941,0.1718099,0.6667176,0.7367427,0.512163,0.3942302,0.2447209,0.5279236,0.5767478,0.7708385,0.7878106,0.4259645,0.1053072,0.3655306,0.6880915,0.7541622,0.4772432,0.6374631,0.1114831,0.59303,0.5906695,0.4810261,0.2287142,0.6948766,0.08273494,0.3761178,0.1005751,0.3504987
2023-07-21 15:25:33:4693,0.5875762,0.3726557,0.08232367,0.2409149,0.8087939,0.9996139,0.7383143,0.7034602,0.9073353,0.01093447,0.3403568,0.6743723,0.5191113,0.4355718,0.9302549,0.7236781,0.2650262,0.6681074,0.193496,0.6208034,0.5724161,0.2106092,0.5608698,0.7513545,0.2534714,0.02164555,0.1185342,0.9260315,0.1155884,0.9131033,0.4464738,0.2075757,0.5689128
2023-07-21 15:25:33:9703,0.5138114,0.1067168,0.3733134,0.9984932,0.2341558,0.1110172,0.7525384,0.8238029,0.3028989,0.6664432,0.06324685,0.2263577,0.1800784,0.9641827,0.433259,0.3598296,0.5710064,0.7219867,0.1928988,0.240631,0.1508332,0.9477102,0.982277,0.9018292,0.9871137,0.3716101,0.8173069,0.02677298,0.6444998,0.5821297,0.2974196,0.2027409,0.004775882
2023-07-21 15:25:34:4703,0.9332399,0.2138547,0.7646304,0.1792552,0.8202945,0.3353503,0.6913557,0.0248332,0.07481146,0.8218523,0.1546115,0.4099001,0.2734839,0.9179174,0.2470403,0.5683561,0.04801822,0.9945335,0.2078757,0.5721535,0.168205,0.5637189,0.8056042,0.7273338,0.8778096,0.3405302,0.01441991,0.8351709,0.8217057,0.1310506,0.713221,0.3591853,0.1210042
2023-07-21 15:25:34:9723,0.3251191,0.8867646,0.4894977,0.9560381,0.03576672,0.3709726,0.9781893,0.9164846,0.1670676,0.1832312,0.6045687,0.04148161,0.01557171,0.82252,0.3983713,0.5738477,0.1982687,0.09111774,0.3846989,0.6926553,0.708292,0.3648679,0.8894809,0.219197,0.9007107,0.3684811,0.2212573,0.9926879,0.6254325,0.3541593,0.3464172,0.5944797,0.05053258
2023-07-21 15:25:35:4733,0.6226125,0.8036646,0.350531,0.7923776,0.3335474,0.6027308,0.2241176,0.2285303,0.5914727,0.08694458,0.6835903,0.9410492,0.8689864,0.254802,0.197474,0.2155371,0.4265689,0.6877835,0.09629714,0.1809081,0.3101831,0.3590335,0.9651053,0.971904,0.190714,0.4570149,0.7364702,0.6538827,0.07054329,0.9462433,0.5744873,0.8015888,0.7631104
2023-07-21 15:25:35:9748,0.3375937,0.5408726,0.1895298,0.9818887,0.3721282,0.6295258,0.05761051,0.7685232,0.9212686,0.3239672,0.2156243,0.01109135,0.1256001,0.5696909,0.09803224,0.2323902,0.6709685,0.1064115,0.2382789,0.5866681,0.4136085,0.9426676,0.6039256,0.9511212,0.520114,0.2783483,0.3525814,0.8218987,0.2711344,0.6092684,0.976279,0.8939285,0.5124162
2023-07-21 15:25:36:4750,0.4872076,0.4552835,0.8781766,0.7765287,0.8084627,0.02672994,0.4108651,0.3867097,0.4649575,0.2199509,0.6438336,0.4874942,0.7469383,0.9397752,0.6533346,0.3512918,0.176476,0.480707,0.04543698,0.8923465,0.7119145,0.1155708,0.8756363,0.7521878,0.7166387,0.1569043,0.6371481,0.4733729,0.4894277,0.8321416,0.2440491,0.1632729,0.162448
2023-07-21 15:25:36:9750,0.8483839,0.4559302,0.1720411,0.6686202,0.7264459,0.3053352,0.04864383,0.387096,0.6573263,0.5311601,0.05236781,0.3477738,0.8656826,0.8667467,0.9582503,0.8536092,0.6054615,0.4883568,0.5462694,0.1589884,0.44955,0.03887665,0.6650121,0.6274294,0.1521367,0.1178544,0.1236408,0.9412105,0.6011023,0.434438,0.6438216,0.88305,0.8123891
2023-07-21 15:25:37:4788,0.6395979,0.5378891,0.04009569,0.7864368,0.6164913,0.7958018,0.5956532,0.351571,0.4656767,0.6522031,0.8359706,0.01184845,0.005258441,0.5376521,0.3599982,0.169849,0.04755056,0.6474149,0.2392434,0.7747703,0.473478,0.6057385,0.7246867,0.942331,0.2189058,0.5055334,0.3038965,0.4579512,0.4021515,0.676977,0.6562331,0.9851265,0.160689
2023-07-21 15:25:37:9768,0.06284535,0.9465563,0.007513523,0.7362206,0.8671427,0.6054092,0.6759511,0.5294686,0.1681325,0.7867253,0.3071393,0.893574,0.06415975,0.9313555,0.9140418,0.4365255,0.3741242,0.4232643,0.7177031,0.2736707,0.4581873,0.6985906,0.7072338,0.9431074,0.3789341,0.5682709,0.936028,0.623683,0.1964616,0.7808456,0.2164783,0.491191,0.1286757
2023-07-21 15:25:38:4778,0.187157,0.5465122,0.1903701,0.768675,0.1228299,0.5294297,0.7112703,0.5313235,0.7253661,0.3104641,0.05517948,0.8008789,0.7229522,0.8805469,0.4986206,0.3959691,0.2634286,0.9793878,0.7956645,0.05751085,0.6611792,0.2062414,0.2475909,0.7674108,0.07776415,0.3889603,0.4381166,0.7700431,0.5876998,0.7743955,0.9430343,0.304651,0.6731263
2023-07-21 15:25:38:9778,0.5277699,0.760199,0.9800645,0.1983072,0.5466803,0.5127885,0.7323076,0.1041898,0.56511,0.838312,0.4520255,0.4262812,0.03221548,0.4156408,0.2410952,0.3670054,0.1254842,0.5170717,0.6697056,0.5580299,0.9214145,0.9675696,0.07990646,0.4400002,0.2118479,0.4841768,0.2469629,0.6961493,0.1786183,0.9832824,0.9016082,0.5482011,0.5328894
2023-07-21 15:25:39:4803,0.1513778,0.2925858,0.03904879,0.9819636,0.1997778,0.5728205,0.2120697,0.1736733,0.4892626,0.354426,0.8483193,0.5041137,0.9200587,0.8195338,0.08976614,0.6445,0.08699834,0.8144571,0.1124642,0.5851464,0.9047152,0.2303501,0.08565211,0.04238856,0.02440488,0.1632611,0.6021128,0.5036144,0.953633,0.6461025,0.4348597,0.9440417,0.3446054
2023-07-21 15:25:39:9803,0.2038128,0.07094812,0.8423529,0.01750922,0.5495116,0.9122118,0.3539713,0.09292972,0.9921478,0.1993202,0.2965726,0.220866,0.2943915,0.2987849,0.4296131,0.6462038,0.3494778,0.6086714,0.309777,0.0238024,0.8583481,0.5090354,0.1616008,0.8222816,0.4872246,0.4294866,0.4498485,0.9653931,0.8836855,0.2448387,0.08404756,0.5689223,0.7500032
2023-07-21 15:25:40:4833,0.9354671,0.9037013,0.4301577,0.8224875,0.5740549,0.207674,0.1564296,0.3455302,0.7989012,0.7375902,0.7017452,0.3878464,0.6810251,0.2152245,0.1035295,0.1826435,0.4216756,0.7130052,0.3486643,0.2005385,0.9732645,0.5078724,0.7177602,0.3266812,0.5806471,0.1301266,0.5886125,0.4510605,0.2855625,0.08134246,0.7379152,0.8660815,0.7577498
2023-07-21 15:25:40:9823,0.7283074,0.4321273,0.6536837,0.281002,0.3761513,0.9237487,0.4393359,0.0173521,0.2605681,0.4709292,0.686752,0.6624167,0.5595977,0.5680911,0.5296307,0.9689614,0.9713032,0.4778056,0.2921507,0.3069487,0.6028816,0.04033232,0.9361773,0.3020645,0.596503,0.09186912,0.4874844,0.0218569,0.970206,0.4103071,0.4873808,0.8241081,0.569993
2023-07-21 15:25:41:4833,0.4556583,0.5414631,0.9485813,0.5810148,0.8218402,0.6609321,0.5136587,0.02575982,0.233948,0.04409933,0.2668149,0.3851132,0.7358555,0.658206,0.5046265,0.5054367,0.8264575,0.460758,0.7990276,0.9730959,0.3495509,0.3423561,0.6374283,0.8416142,0.8819078,0.688352,0.7154588,0.8679347,0.2449962,0.7189633,0.1701243,0.2588726,0.6738895
2023-07-21 15:25:41:9843,0.7549949,0.502466,0.2642538,0.991567,0.8671154,0.6725682,0.4606573,0.351265,0.9303644,0.9161993,0.3334239,0.7716817,0.9211291,0.1467119,0.7122402,0.1331695,0.3384055,0.8290339,0.6081277,0.7703608,0.1054995,0.3254383,0.8322473,0.9946972,0.8615274,0.8580872,0.03591275,0.6392579,0.3508233,0.5118824,0.7191908,0.7072685,0.565241
2023-07-21 15:25:42:4843,0.7989777,0.4992269,0.6809293,0.589214,0.2952101,0.4684828,0.9320649,0.5020792,0.6480979,0.5737813,0.9030552,0.3646578,0.1195511,0.7124938,0.9344562,0.009628892,0.1218438,0.2034109,0.6720053,0.6817989,0.7437438,0.4460227,0.5223987,0.789239,0.9111309,0.3259483,0.08889174,0.3198039,0.2348441,0.9384956,0.8024819,0.6541196,0.7084339
2023-07-21 15:25:42:9843,0.2082406,0.7971992,0.0634923,0.3062149,0.4697267,0.3275734,0.3156751,0.4264401,0.5594576,0.5411206,0.813463,0.8214213,0.1482825,0.5037702,0.9342422,0.107537,0.945424,0.5995235,0.3052506,0.7693145,0.5561232,0.306877,0.4880872,0.5867102,0.6239762,0.3157735,0.5216746,0.2598367,0.7671074,0.3676308,0.3707048,0.1346575,0.2418635
2023-07-21 15:25:43:4873,0.002717495,0.5167211,0.6321243,0.06230581,0.8520834,0.3877662,0.2098913,0.7806739,0.5003678,0.5080627,0.9991332,0.5580353,0.1071631,0.6033985,0.6286484,0.9002695,0.9299284,0.330473,0.2791168,0.5526363,0.8504646,0.6937985,0.9434649,0.6684973,0.7929113,0.3365349,0.9887398,0.881442,0.119658,0.5342343,0.284021,0.07665372,0.6455394
2023-07-21 15:25:43:9853,0.8620108,0.1019518,0.5230963,0.3151998,0.6656435,0.158735,0.2332141,0.9907196,0.9356666,0.09354937,0.2136922,0.5643523,0.9440151,0.7662727,0.4237363,0.6222137,0.1860701,0.7133005,0.3889781,0.9375534,0.1051992,0.4179179,0.3987091,0.5978224,0.3949885,0.9298928,0.6700438,0.1458377,0.6073655,0.4660128,0.04531896,0.3615448,0.2494004
2023-07-21 15:25:44:4853,0.1818067,0.3028948,0.3302055,0.295247,0.7979079,0.3390331,0.2873351,0.8459668,0.7210389,0.3693827,0.45485,0.7958934,0.617705,0.2041781,0.006625175,0.9229791,0.3386337,0.725904,0.7400769,0.1965727,0.2371337,0.464374,0.5107488,0.5966247,0.08541107,0.4804503,0.6831068,0.9341178,0.3169704,0.9455067,0.5265673,0.5848126,0.7306695
2023-07-21 15:25:44:9883,0.4354737,0.6238509,0.9008911,0.1130452,0.4206836,0.1701019,0.0878942,0.5528608,0.06905341,0.3993582,0.2783857,0.3956651,0.4156702,0.1459219,0.7113287,0.5392141,0.6747497,0.8907396,0.2753788,0.6946188,0.993014,0.8398266,0.3279904,0.7594941,0.2785622,0.1069477,0.6179673,0.4818942,0.9685431,0.7610066,0.6564692,0.1587563,0.5526089
2023-07-21 15:25:45:4923,0.6158198,0.5945167,0.869434,0.6246133,0.5393495,0.7141579,0.7609253,0.9879937,0.3810422,0.1142296,0.2528505,0.4444591,0.502,0.07992959,0.8367032,0.6104977,0.2343625,0.4886068,0.6099612,0.762659,0.5525424,5.078316E-05,0.3589463,0.9651892,0.6096913,0.7957393,0.9070408,0.1573908,0.7176887,0.5266407,0.85973,0.05550528,0.6182898
2023-07-21 15:25:45:9883,0.6354916,0.2423539,0.3685724,0.6435151,0.3218985,0.9667125,0.05370224,0.2439619,0.6947054,0.5705062,0.7775849,0.1082947,0.7054418,0.5232173,0.9380273,0.2923232,0.56191,0.01771986,0.004746079,0.7212125,0.2683423,0.4145184,0.4954805,0.9483175,0.2505623,0.7171443,0.05793869,0.9868131,0.2971599,0.3300844,0.3450581,0.268968,0.817886
2023-07-21 15:25:46:4913,0.2120024,0.3083956,0.415076,0.3607501,0.771355,0.6770356,0.0004720688,0.9219577,0.7347801,0.3435099,0.7879606,0.4024373,0.8053305,0.3243632,0.9671429,0.4365708,0.712803,0.2888064,0.1067358,0.4384374,0.5084642,0.2441217,0.7068541,0.3790584,0.9979042,0.07024145,0.484975,0.7880938,0.6364713,0.1016864,0.2299837,0.6441716,0.3240365
2023-07-21 15:25:46:9913,0.8498886,0.9762756,0.3296599,0.3603752,0.7886659,0.8635051,0.7248496,0.9842821,0.3862876,0.5321775,0.2488825,0.4729651,0.8646461,0.4856177,0.9582121,0.4150826,0.7637759,0.2992558,0.8883724,0.06481004,0.6030311,0.2868028,0.9704999,0.4508809,0.8760053,0.09954357,0.1376687,0.09774935,0.2841486,0.08398783,0.8454435,0.07670796,0.3946488
2023-07-21 15:25:47:4928,0.6734399,0.7842565,0.6056806,0.9643778,0.3644018,0.7672802,0.8661243,0.6367828,0.3441389,0.6337441,0.8209914,0.3442553,0.9624251,0.05217719,0.9501574,0.7094545,0.06961691,0.9673597,0.3971443,0.5314177,0.8679664,0.8448026,0.1800963,0.972898,0.8243971,0.64228,0.6748552,0.4212759,0.5943419,0.06654823,0.3637905,0.4400234,0.7441256
2023-07-21 15:25:47:9948,0.5090912,0.1595361,0.3785074,0.1365272,0.7378507,0.01674771,0.1998292,0.9061182,0.3581331,0.8872818,0.6381043,0.02764571,0.1777109,0.8464717,0.6751633,0.9297971,0.7388616,0.8910857,0.2619054,0.9083285,0.05091596,0.6668352,0.6964709,0.003373981,0.08293033,0.7584077,0.01105809,0.2812715,0.8505455,0.0954386,0.6819596,0.03755689,0.006904483
2023-07-21 15:25:48:4948,0.7587169,0.3349854,0.4838536,0.2072672,0.5982285,0.7434421,0.1627544,0.008957148,0.0308789,0.859382,0.9329413,0.7767621,0.07530487,0.03160036,0.329383,0.4554375,0.2054818,0.9985131,0.7054462,0.8731383,0.943089,0.1238539,0.3578491,0.3754141,0.5890213,0.7842535,0.7268863,0.8853688,0.02916181,0.8628746,0.6066551,0.2072803,0.9646585
2023-07-21 15:25:48:9958,0.6224523,0.8411641,0.1376158,0.03005517,0.9093064,0.550497,0.2512646,0.7846426,0.6405606,0.6333008,0.807035,0.03822386,0.06427431,0.7568601,0.5741919,0.2777511,0.7834841,0.2230173,0.6773072,0.9469645,0.1437383,0.6102247,0.4760908,0.7080065,0.5856641,0.1708546,0.5145767,0.1702254,0.3094762,0.3802347,0.3006818,0.1874453,0.8671349
2023-07-21 15:25:49:4998,0.607688,0.4287764,0.5481563,0.3340704,0.7138543,0.5088101,0.2452977,0.7079132,0.8905065,0.6799666,0.2539528,0.09806299,0.7114234,0.6769899,0.1418343,0.8587891,0.3285001,0.7275074,0.2776678,0.2391068,0.4696998,0.6957432,0.5358682,0.427592,0.4421344,0.4713762,0.820709,0.08902752,0.4415241,0.08375406,0.4674143,0.4382848,0.1746206
2023-07-21 15:25:49:9988,0.8870353,0.3387491,0.3055347,0.4729314,0.5062562,0.3458779,0.5367872,0.9797635,0.2935989,0.1725781,0.2286552,0.500588,0.1266776,0.5025656,0.4508421,0.3652409,0.1688522,0.1613287,0.8325523,0.7327269,0.8880527,0.7572434,0.3361799,0.3960157,0.3130764,0.3175866,0.505604,0.602218,0.3369824,0.7536885,0.9309552,0.3438796,0.5306829
2023-07-21 15:25:50:4998,0.4751036,0.113372,0.8631054,0.01108563,0.7154064,0.4907647,0.1873748,0.7958415,0.409315,0.6097164,0.1721816,0.3308409,0.01387393,0.4272543,0.004721045,0.681866,0.4400347,0.6085008,0.1887289,0.8754812,0.9258043,0.8436357,0.6657619,0.9539616,0.4522135,0.2698037,0.5796564,0.405187,0.8713914,0.4298219,0.1568005,0.2599383,0.9526371
2023-07-21 15:25:50:9998,0.07123029,0.2507773,0.5042412,0.5110137,0.5471553,0.4861471,0.3084825,0.1931415,0.8380002,0.3400173,0.03818071,0.9372436,0.6163431,0.3594199,0.540191,0.6002229,0.7844244,0.7856492,0.1019901,0.8124785,0.5315719,0.03388846,0.2163304,0.4183311,0.1129999,0.4198539,0.4548468,0.02105415,0.2276704,0.4054464,0.6439706,0.632195,0.4610353
2023-07-21 15:25:51:5009,0.3210357,0.1878664,0.9851573,0.1813829,0.7478923,0.4593254,0.5976539,0.8441749,0.9355609,0.3873667,0.6811726,0.07732511,0.8584483,0.8925397,0.5556323,0.3440844,0.3792838,0.3929831,0.5770215,0.8519038,0.9433403,0.906518,0.257211,0.3606964,0.9717206,0.3742267,0.8164518,0.6696759,0.3125241,0.5362892,0.8725611,0.8587601,0.6020004
2023-07-21 15:25:52:0019,0.4738109,0.736439,0.2098244,0.7120434,0.3101206,0.1264268,0.8833333,0.7319834,0.4287366,0.5331766,0.05744159,0.735655,0.7639928,0.6394824,0.3370894,0.6568534,0.9958317,0.8230102,0.05887842,0.3977029,0.5941194,0.9863875,0.4150816,0.8332262,0.7014651,0.4798641,0.5882695,0.9850765,0.07057357,0.056826,0.03462434,0.3342304,0.710712
2023-07-21 15:25:52:5039,0.2242354,0.8960404,0.7997899,0.2109215,0.0717957,0.2765968,0.9465163,0.3084751,0.1954256,0.412592,0.6767864,0.972092,0.666804,0.861411,0.9832568,0.1620536,0.1429353,0.7287281,0.1318418,0.3541268,0.1319746,0.5388801,0.8485742,0.8587985,0.5859001,0.6538582,0.43859,0.602214,0.3315315,0.8235755,0.9669473,0.8977244,0.3291817
2023-07-21 15:25:53:0049,0.8349456,0.6413162,0.3287461,0.9752388,0.1240509,0.5292696,0.8115419,0.5630706,0.5996984,0.3947573,0.2052482,0.03181732,0.4241858,0.7585591,0.03483808,0.9278405,0.03234327,0.7127279,0.9293166,0.8205895,0.1228811,0.9395514,0.01594591,0.4744264,0.3852618,0.5020675,0.5479792,0.1287749,0.2504508,0.8002571,0.9480214,0.538235,0.7656401
2023-07-21 15:25:53:5049,0.07436419,0.2358979,0.8940661,0.3691177,0.2005306,0.3764524,0.8176785,0.896219,0.7323451,0.0350579,0.7192591,0.9140779,0.4636258,0.9563605,0.4864257,0.9619716,0.4897401,0.00236547,0.118466,0.6008816,0.3241525,0.02599335,0.672276,0.8391199,0.1989884,0.3025631,0.0319984,0.8118581,0.648268,0.1577889,0.873639,0.387909,0.2013857
2023-07-21 15:25:54:0079,0.2343308,0.4711244,0.1248226,0.6326798,0.6061402,0.6010082,0.5336841,0.2154903,0.3396114,0.2234071,0.2534431,0.444182,0.3814295,0.271916,0.371247,0.03543007,0.5400088,0.314414,0.6259668,0.8796494,0.5518319,0.5581059,0.06811786,0.4981853,0.6700782,0.9952289,0.5480917,0.1424127,0.6240571,0.4196529,0.8597593,0.7837014,0.2636475
2023-07-21 15:25:54:5079,0.7921678,0.7020236,0.1866359,0.5825041,0.8335788,0.6572834,0.4973723,0.01473475,0.2149558,0.8125255,0.09756219,0.8957133,0.3384129,0.3681167,0.201353,0.2261922,0.8554343,0.3408766,0.8487617,0.9073925,0.3409413,0.8001745,0.08066106,0.3306673,0.70243,0.2416644,0.1089479,0.5311292,0.9326093,0.5170696,0.2135375,0.8930532,0.405724
2023-07-21 15:25:55:0129,0.42753,0.06972539,0.4637795,0.1099414,0.2636515,0.7402136,0.9274961,0.7368027,0.1958869,0.5630837,0.3750027,0.3171507,0.4616593,0.08803046,0.6667812,0.3635908,0.4392499,0.788906,0.1609079,0.5687879,0.4705356,0.2267387,0.3852867,0.4174145,0.5010585,0.907536,0.6700574,0.09228206,0.8461063,0.7207431,0.3201492,0.3396069,0.6840706
2023-07-21 15:25:55:5109,0.955434,0.2343504,0.7579701,0.5955899,0.8170271,0.5355168,0.06651247,0.2723402,0.5837311,0.7084931,0.3085664,0.7279233,0.9059457,0.045573,0.07539797,0.0706358,0.7187899,0.06126797,0.9995066,0.7100333,0.5801007,0.2243916,0.9098743,0.04446876,0.3812453,0.5884983,0.06172788,0.3936513,0.1237023,0.6132982,0.01821673,0.5218377,0.06545866
2023-07-21 15:25:56:0099,0.9945521,0.8092179,0.6672196,0.2277832,0.1696904,0.1050415,0.1677887,0.851819,0.5519122,0.4752868,0.3137553,0.3842153,0.5664755,0.7995528,0.640787,0.3031732,0.09483576,0.8927188,0.6896393,0.6508869,0.4554892,0.5236339,0.0499295,0.9762043,0.4349555,0.4425659,0.8107821,0.499839,0.3318484,0.970673,0.7897122,0.08795655,0.2489365
2023-07-21 15:25:56:5109,0.7380273,0.2926162,0.9406877,0.2833826,0.8377706,0.9398915,0.1682023,0.6785182,0.5190353,0.6975425,0.6942872,0.4412,0.5491683,0.7383406,0.6974876,0.958535,0.05670106,0.96514,0.3091,0.2928383,0.6437503,0.6287452,0.1908211,0.8647306,0.5542385,0.3622461,0.1785222,0.9770144,0.5386284,0.5612015,0.5020462,0.4112152,0.4624717
2023-07-21 15:25:57:0109,0.8469384,0.937404,0.7292458,0.7602544,0.1624357,0.4490188,0.384433,0.3874726,0.8052847,0.6524088,0.288703,0.7079974,0.06939101,0.01276052,0.2031565,0.7063155,0.0152216,0.6039723,0.5039236,0.2900664,0.5626274,0.3891233,0.5587409,0.009731293,0.2441405,0.2730731,0.4461721,0.7833945,0.3156347,0.1443622,0.6834495,0.7289289,0.6373177
2023-07-21 15:25:57:5129,0.7902251,0.9878731,0.8595338,0.3600323,0.7906578,0.3224406,0.8714037,0.5996372,0.8518847,0.5785602,0.7508328,0.03329885,0.9540445,0.239697,0.4715264,0.4102195,0.246431,0.3388924,0.1763498,0.4349809,0.105987,0.2759712,0.2098558,0.8797612,0.7566407,0.4103269,0.6513125,0.4868181,0.937272,0.5611731,0.8282739,0.6135126,0.6245962
2023-07-21 15:25:58:0139,0.1479822,0.3478945,0.9316099,0.7993966,0.3835496,0.4681835,0.2243695,0.649361,0.8153793,0.4732295,0.9403864,0.01156807,0.6439822,0.1493804,0.589143,0.6856991,0.7580308,0.8889396,0.1357827,0.2705795,0.2173742,0.4962876,0.6395626,0.5749609,0.5548247,0.9474332,0.9161568,0.2565069,0.8458422,0.6855284,0.4632352,0.978079,0.4280494
2023-07-21 15:25:58:5169,0.2623705,0.5178291,0.8274001,0.00861764,0.2953476,0.03400338,0.2224779,0.0831418,0.1031938,0.4684402,0.7815452,0.3529492,0.2034801,0.5909523,0.5884752,0.1026101,0.772837,0.8332089,0.9305497,0.1566161,0.4878584,0.8259913,0.6807503,0.6488709,0.5814925,0.8932658,0.857363,0.9964179,0.08234406,0.5138331,0.8779374,0.6731584,0.8003801
2023-07-21 15:25:59:0149,0.7390687,0.948202,0.5159853,0.9610852,0.5498622,0.9395406,0.5596486,0.2678372,0.1715218,0.5521049,0.9122947,0.773652,0.7515846,0.8668323,0.5853564,0.4455007,0.5168883,0.8660429,0.7791947,0.9724619,0.4953706,0.6247485,0.6207436,0.1386099,0.639311,0.6621448,0.5738401,0.6949364,0.9985148,0.3713233,0.8446059,0.7255019,0.5331642
2023-07-21 15:25:59:5169,0.639423,0.1234057,0.1175131,0.2847702,0.2952784,0.963576,0.1980196,0.8656144,0.5475898,0.2947962,0.9570551,0.01461506,0.2215943,0.3755401,0.7566773,0.1774961,0.8684843,0.82853,0.6102648,0.4449605,0.7895728,0.1692975,0.8811563,0.4970275,0.04066277,0.7780694,0.1891897,0.4662624,0.9584152,0.7053874,0.2357507,0.532389,0.3263026
2023-07-21 15:26:00:0169,0.1403297,0.9933627,0.8018329,0.5091993,0.9094186,0.7463119,0.1636074,0.5932702,0.5690085,0.6876776,0.6860155,0.006697655,0.3462743,0.7829087,0.2035035,0.4091187,0.6450802,0.2982815,0.7451276,0.2258611,0.3693368,0.125512,0.864205,0.01626432,0.6657343,0.2153689,0.06353128,0.9891151,0.476046,0.2678737,0.4544123,0.8015909,0.8137542
2023-07-21 15:26:00:5179,0.08614707,0.7118523,0.02070367,0.6370492,0.6198185,0.556294,0.1952856,0.8589835,0.4095556,0.1135769,0.3041677,0.5048891,0.8716296,0.7052953,0.9238988,0.8285577,0.6570655,0.4046106,0.6206422,0.9029105,0.9439672,0.3147897,0.267624,0.5715628,0.8967896,0.8419307,0.3762333,0.2247019,0.006557703,0.565165,0.1389546,0.9552778,0.7744778
2023-07-21 15:26:01:0239,0.3452287,0.7335314,0.9071811,0.03948939,0.8646468,0.7842382,0.03491175,0.9061397,0.970113,0.3818925,0.6003086,0.4580643,0.4988847,0.7207165,0.7239462,0.5539504,0.4681769,0.469139,0.1759549,0.4278292,0.6029777,0.7076563,0.7440313,0.1679695,0.4412969,0.2565599,0.8597853,0.4427831,0.7287593,0.6302516,0.5914856,0.9036402,0.8144808
2023-07-21 15:26:01:5209,0.1407679,0.1111252,0.5350725,0.8179495,0.3234301,0.6550953,0.09007072,0.07255518,0.1870123,0.9445529,0.1394792,0.7707689,0.4365343,0.2504938,0.2943577,0.8620164,0.7410609,0.1414211,0.7264335,0.4024194,0.01137209,0.9692764,0.385586,0.1302462,0.1745621,0.1666124,0.2572833,0.3967677,0.3488508,0.02822244,0.1128628,0.7660253,0.6920078
2023-07-21 15:26:02:0209,0.1758652,0.3472363,0.2697031,0.3093757,0.3362406,0.9818702,0.2905616,0.2753833,0.5169628,0.08856094,0.8609457,0.3035508,0.2721098,0.110093,0.1324021,0.6976932,0.7024828,0.03829384,0.9015085,0.7271087,0.6276751,0.7974125,0.9663491,0.1777943,0.354482,0.3067195,0.1255088,0.2178563,0.654229,0.5661455,0.07093692,0.2411152,0.7574428
2023-07-21 15:26:02:5239,0.2993272,0.7992911,0.6493905,0.6525409,0.06811738,0.01676655,0.7055495,0.4030922,0.6596754,0.1538483,0.8542289,0.01620984,0.7482539,0.2392292,0.4491498,0.3806615,0.353784,0.8530682,0.6319643,0.1994729,0.7220569,0.3750172,0.6073763,0.7834172,0.323039,0.0544287,0.5420253,0.7413548,0.7648941,0.7619874,0.8793596,0.5993788,0.1132921
2023-07-21 15:26:03:0249,0.9610803,0.724507,0.08529603,0.5204934,0.4895489,0.3753721,0.3937256,0.9878303,0.4839354,0.2437073,0.4890592,0.7872187,0.6663502,0.2625636,0.02425385,0.6493741,0.9212687,0.8666197,0.2431741,0.418886,0.4875863,0.2164787,0.09888685,0.2032152,0.9904579,0.662253,0.4189504,0.8830706,0.5751143,0.07083583,0.3191674,0.7758032,0.01323056
2023-07-21 15:26:03:5229,0.2979804,0.2636493,0.9863005,0.4213542,0.03582597,0.007296562,0.1165618,0.7908899,0.7071778,0.5805864,0.1174494,0.6407787,0.2509019,0.1189939,0.241133,0.3902621,0.4282649,0.3921224,0.5045947,0.9542532,0.2403102,0.06887245,0.5219182,0.7430444,0.8454611,0.5076327,0.49779,0.7660297,0.08681965,0.2083558,0.3604271,0.2354817,0.5551916
